ID,"ip_address",status,"completed_at","created_at"
1,2406:da18:a1e:c106:c6ae::6,completed,"2025-03-09 16:31:13","2025-03-07 19:41:50"
2,2406:da18:a1e:c106:c6ae::6,complete,,"2025-03-07 19:41:50"
3,2406:da18:a1e:c106:c6ae::6,complete,,"2025-03-07 19:41:50"
4,2406:da18:a1e:c108:e21e::4,complete,,"2025-03-07 20:04:27"
5,2406:da18:a1e:c108:e21e::4,complete,,"2025-03-07 20:04:28"
6,2406:da18:a1e:c108:e21e::4,complete,,"2025-03-07 20:04:28"
7,2406:da18:a1e:c106:c6ae::6,complete,,"2025-03-07 20:07:59"
8,2406:da18:a1e:c106:c6ae::6,complete,,"2025-03-07 20:07:59"
9,2406:da18:a1e:c107:58ef::7,complete,,"2025-03-07 20:07:59"
10,2406:da18:a1e:c107:58ef::7,complete,,"2025-03-07 20:08:09"
11,2406:da18:a1e:c108:e21e::4,complete,,"2025-03-07 20:08:10"
12,2406:da18:a1e:c107:58ef::7,complete,,"2025-03-07 20:08:10"
13,2406:da18:a1e:c108:e21e::4,complete,,"2025-03-07 20:08:10"
14,2406:da18:a1e:c108:e21e::4,complete,,"2025-03-07 20:08:19"
15,2406:da18:a1e:c108:e21e::4,complete,,"2025-03-07 20:08:19"
16,2406:da18:a1e:c107:58ef::7,complete,,"2025-03-07 20:08:19"
17,2406:da18:a1e:c107:58ef::7,complete,,"2025-03-07 20:08:19"
18,2406:da18:a1e:c107:58ef::7,complete,,"2025-03-07 20:09:51"
19,2406:da18:a1e:c107:58ef::7,complete,,"2025-03-07 20:10:01"
20,2406:da18:a1e:c106:c6ae::6,complete,,"2025-03-07 20:10:01"
21,2406:da18:a1e:c107:58ef::7,complete,,"2025-03-07 20:10:01"
22,2406:da18:a1e:c107:58ef::7,complete,,"2025-03-07 20:22:46"
23,2406:da18:a1e:c107:58ef::7,complete,,"2025-03-07 20:22:46"
24,2406:da18:a1e:c108:e21e::4,completed,"2025-03-07 20:24:43","2025-03-07 20:24:42"
25,2406:da18:a1e:c108:e21e::4,completed,"2025-03-07 20:24:52","2025-03-07 20:24:51"
26,2406:da18:a1e:c106:c6ae::6,completed,"2025-03-07 20:25:02","2025-03-07 20:25:02"
27,2406:da18:a1e:c106:c6ae::6,completed,"2025-03-09 14:52:59","2025-03-07 20:29:29"
28,202.134.10.139,completed,"2025-03-08 07:32:34","2025-03-08 07:32:33"
29,37.111.210.121,completed,"2025-03-08 07:54:56","2025-03-08 07:54:55"
30,45.112.72.218,completed,"2025-03-08 08:53:41","2025-03-08 08:53:16"
31,182.48.67.106,completed,"2025-03-08 08:53:57","2025-03-08 08:53:55"
32,182.48.67.106,completed,"2025-03-08 08:57:23","2025-03-08 08:57:20"
33,103.115.24.84,completed,"2025-03-08 08:58:16","2025-03-08 08:58:16"
34,103.115.24.107,completed,"2025-03-08 08:58:31","2025-03-08 08:58:30"
35,103.210.57.219,completed,"2025-03-08 08:59:26","2025-03-08 08:59:22"
36,103.115.24.107,completed,"2025-03-08 09:05:07","2025-03-08 09:05:07"
37,103.115.24.107,completed,"2025-03-08 09:05:07","2025-03-08 09:05:07"
38,103.115.24.107,completed,"2025-03-08 09:05:07","2025-03-08 09:05:07"
39,103.115.24.107,completed,"2025-03-08 09:05:25","2025-03-08 09:05:25"
40,103.135.172.6,completed,"2025-03-08 09:07:58","2025-03-08 09:07:50"
41,37.111.214.124,completed,"2025-03-08 09:11:21","2025-03-08 09:10:46"
42,101.237.35.194,completed,"2025-03-08 09:11:17","2025-03-08 09:11:15"
43,123.6.49.15,completed,"2025-03-08 09:11:26","2025-03-08 09:11:26"
44,2.49.31.155,completed,"2025-03-08 09:11:40","2025-03-08 09:11:37"
45,223.29.215.88,completed,"2025-03-08 09:12:20","2025-03-08 09:12:19"
46,223.29.215.88,completed,"2025-03-08 09:12:31","2025-03-08 09:12:31"
47,223.29.215.88,completed,"2025-03-08 09:12:34","2025-03-08 09:12:34"
48,223.29.215.88,completed,"2025-03-08 09:12:42","2025-03-08 09:12:42"
49,59.153.102.206,completed,"2025-03-08 09:13:55","2025-03-08 09:13:54"
50,202.134.10.129,completed,"2025-03-08 16:00:55","2025-03-08 09:14:40"
51,37.111.217.90,completed,"2025-03-08 10:52:01","2025-03-08 09:15:00"
52,37.111.217.90,completed,"2025-03-08 09:16:13","2025-03-08 09:16:05"
53,202.134.14.130,completed,"2025-03-08 09:16:45","2025-03-08 09:16:39"
54,103.187.31.189,completed,"2025-03-08 09:23:37","2025-03-08 09:23:33"
55,103.210.17.142,completed,"2025-03-08 11:25:13","2025-03-08 09:28:36"
56,103.127.7.56,completed,"2025-03-08 09:34:08","2025-03-08 09:34:03"
57,103.164.255.253,completed,"2025-03-08 10:12:11","2025-03-08 10:12:11"
58,103.120.223.97,completed,"2025-03-08 11:22:34","2025-03-08 11:22:30"
59,43.255.23.50,completed,"2025-03-08 12:24:05","2025-03-08 12:24:02"
60,103.25.251.138,completed,"2025-03-08 13:49:48","2025-03-08 13:49:41"
61,182.252.95.115,completed,"2025-03-08 18:07:06","2025-03-08 18:07:06"
62,103.55.146.165,completed,"2025-03-08 19:29:07","2025-03-08 19:28:56"
63,103.178.191.69,completed,"2025-03-08 19:33:44","2025-03-08 19:33:42"
64,103.133.206.14,completed,"2025-03-08 22:55:10","2025-03-08 19:44:01"
65,103.73.198.242,completed,"2025-03-08 20:11:26","2025-03-08 20:11:26"
66,103.73.198.242,completed,"2025-03-08 20:11:34","2025-03-08 20:11:29"
67,103.58.74.49,completed,"2025-03-08 20:29:02","2025-03-08 20:28:46"
68,103.171.69.69,completed,"2025-03-09 16:43:39","2025-03-08 21:08:41"
69,103.108.90.46,completed,"2025-03-09 04:17:32","2025-03-09 04:17:27"
70,103.108.90.46,completed,"2025-03-09 04:18:12","2025-03-09 04:18:10"
71,103.105.86.55,completed,"2025-03-09 04:53:48","2025-03-09 04:53:44"
72,103.55.145.206,completed,"2025-03-09 13:29:55","2025-03-09 06:48:00"
73,175.41.46.58,completed,"2025-03-09 08:28:51","2025-03-09 08:28:51"
74,202.134.14.140,completed,"2025-03-09 09:14:15","2025-03-09 09:14:14"
75,103.25.251.143,completed,"2025-03-09 10:32:43","2025-03-09 10:32:43"
76,172.253.217.58,completed,"2025-03-09 15:11:04","2025-03-09 15:11:04"
77,37.111.217.248,completed,"2025-03-09 15:46:39","2025-03-09 15:46:38"
78,103.179.128.134,completed,"2025-03-09 15:48:55","2025-03-09 15:48:32"
79,103.121.12.19,completed,"2025-03-09 16:10:35","2025-03-09 16:10:15"
80,103.180.52.62,completed,"2025-03-09 16:13:18","2025-03-09 16:13:18"
81,103.142.69.189,completed,"2025-03-09 16:14:10","2025-03-09 16:14:09"
82,103.180.52.34,completed,"2025-03-09 16:14:26","2025-03-09 16:14:26"
83,103.187.94.138,completed,"2025-03-09 16:30:53","2025-03-09 16:30:53"
84,103.187.94.138,completed,"2025-03-09 16:30:58","2025-03-09 16:30:58"
85,180.94.28.249,completed,"2025-03-09 16:41:34","2025-03-09 16:41:34"
86,103.145.135.229,completed,"2025-03-09 16:54:31","2025-03-09 16:54:27"
87,203.76.222.173,completed,"2025-03-09 18:32:17","2025-03-09 17:19:39"
88,103.144.198.44,completed,"2025-03-10 12:52:51","2025-03-09 17:25:53"
89,103.25.248.213,completed,"2025-03-09 17:33:56","2025-03-09 17:33:32"
90,103.213.237.24,completed,"2025-03-09 17:37:59","2025-03-09 17:37:59"
91,103.126.150.108,completed,"2025-03-09 17:44:58","2025-03-09 17:44:57"
92,104.28.198.131,completed,"2025-03-09 17:47:03","2025-03-09 17:47:02"
93,103.106.243.180,completed,"2025-03-09 17:56:32","2025-03-09 17:56:31"
94,27.147.200.47,completed,"2025-03-09 18:03:32","2025-03-09 18:03:31"
95,27.147.200.53,completed,"2025-03-09 18:11:02","2025-03-09 18:11:02"
96,114.130.184.247,completed,"2025-03-09 18:28:06","2025-03-09 18:28:05"
97,103.213.237.26,completed,"2025-03-09 18:39:58","2025-03-09 18:39:56"
98,103.155.184.144,completed,"2025-03-10 08:29:31","2025-03-09 18:57:30"
99,103.73.47.197,completed,"2025-03-09 19:10:21","2025-03-09 19:10:11"
100,202.83.126.243,completed,"2025-03-09 19:15:42","2025-03-09 19:15:42"
101,113.21.230.13,completed,"2025-03-09 19:26:12","2025-03-09 19:26:11"
102,103.162.57.177,completed,"2025-03-09 20:21:42","2025-03-09 19:35:05"
103,103.200.94.129,completed,"2025-03-09 19:56:34","2025-03-09 19:56:33"
104,103.109.56.22,completed,"2025-03-09 20:17:19","2025-03-09 20:17:18"
105,118.179.63.17,completed,"2025-03-09 21:50:27","2025-03-09 21:50:27"
106,103.134.27.86,completed,"2025-03-09 22:54:17","2025-03-09 22:54:16"
107,182.252.92.22,completed,"2025-03-09 23:09:39","2025-03-09 23:09:37"
108,104.28.208.81,completed,"2025-03-10 07:44:48","2025-03-10 02:56:16"
109,116.58.205.233,completed,"2025-03-10 03:00:25","2025-03-10 03:00:24"
110,103.129.200.49,completed,"2025-03-10 03:35:10","2025-03-10 03:35:10"
111,103.129.200.49,completed,"2025-03-10 03:35:18","2025-03-10 03:35:18"
112,103.129.200.49,completed,"2025-03-10 03:35:20","2025-03-10 03:35:20"
113,103.129.200.49,completed,"2025-03-10 03:35:22","2025-03-10 03:35:22"
114,103.129.200.49,completed,"2025-03-10 03:35:29","2025-03-10 03:35:29"
115,103.129.200.49,completed,"2025-03-10 03:35:32","2025-03-10 03:35:32"
116,103.129.200.49,completed,"2025-03-10 03:35:35","2025-03-10 03:35:35"
117,103.129.200.49,completed,"2025-03-10 03:35:38","2025-03-10 03:35:38"
118,103.129.200.49,completed,"2025-03-10 03:35:41","2025-03-10 03:35:41"
119,103.129.200.49,completed,"2025-03-10 03:35:43","2025-03-10 03:35:43"
120,103.129.200.49,completed,"2025-03-10 03:35:46","2025-03-10 03:35:46"
121,103.129.200.49,completed,"2025-03-10 03:35:48","2025-03-10 03:35:48"
122,103.129.200.49,completed,"2025-03-10 03:35:51","2025-03-10 03:35:51"
123,103.129.200.49,completed,"2025-03-10 03:35:53","2025-03-10 03:35:53"
124,103.129.200.49,completed,"2025-03-10 03:35:56","2025-03-10 03:35:56"
125,103.129.200.49,completed,"2025-03-10 03:36:06","2025-03-10 03:36:06"
126,103.129.200.49,completed,"2025-03-10 03:36:09","2025-03-10 03:36:09"
127,103.129.200.49,completed,"2025-03-10 03:36:11","2025-03-10 03:36:11"
128,103.129.200.49,completed,"2025-03-10 03:36:14","2025-03-10 03:36:14"
129,103.129.200.49,completed,"2025-03-10 03:36:17","2025-03-10 03:36:16"
130,103.129.200.49,completed,"2025-03-10 03:36:19","2025-03-10 03:36:19"
131,103.129.200.49,completed,"2025-03-10 03:36:22","2025-03-10 03:36:22"
132,103.129.200.49,completed,"2025-03-10 03:36:25","2025-03-10 03:36:24"
133,103.129.200.49,completed,"2025-03-10 03:36:31","2025-03-10 03:36:31"
134,103.129.200.49,completed,"2025-03-10 03:38:19","2025-03-10 03:38:19"
135,103.129.200.49,initiated,,"2025-03-10 03:38:47"
136,103.129.200.49,initiated,,"2025-03-10 03:38:50"
137,103.129.200.49,initiated,,"2025-03-10 03:38:51"
138,103.129.200.49,initiated,,"2025-03-10 03:38:52"
139,103.129.200.49,initiated,,"2025-03-10 03:38:53"
140,103.129.200.49,initiated,,"2025-03-10 03:38:53"
141,103.129.200.49,initiated,,"2025-03-10 03:38:54"
142,103.129.200.49,initiated,,"2025-03-10 03:38:54"
143,103.129.200.49,initiated,,"2025-03-10 03:38:55"
144,103.129.200.49,initiated,,"2025-03-10 03:38:55"
145,103.129.200.49,initiated,,"2025-03-10 03:38:56"
146,103.129.200.49,initiated,,"2025-03-10 03:38:56"
147,103.129.200.49,initiated,,"2025-03-10 03:38:56"
148,103.129.200.49,initiated,,"2025-03-10 03:38:57"
149,103.129.200.49,initiated,,"2025-03-10 03:38:57"
150,103.129.200.49,initiated,,"2025-03-10 03:38:57"
151,103.129.200.49,initiated,,"2025-03-10 03:38:57"
152,103.129.200.49,initiated,,"2025-03-10 03:38:58"
153,103.129.200.49,initiated,,"2025-03-10 03:38:58"
154,103.129.200.49,initiated,,"2025-03-10 03:39:04"
155,103.129.200.49,initiated,,"2025-03-10 03:39:05"
156,103.129.200.49,initiated,,"2025-03-10 03:39:06"
157,103.129.200.49,initiated,,"2025-03-10 03:39:07"
158,103.129.200.49,initiated,,"2025-03-10 03:39:07"
159,103.129.200.49,initiated,,"2025-03-10 03:39:12"
160,103.129.200.49,initiated,,"2025-03-10 03:39:12"
161,103.129.200.49,initiated,,"2025-03-10 03:39:13"
162,103.129.200.49,initiated,,"2025-03-10 03:39:14"
163,103.129.200.49,initiated,,"2025-03-10 03:39:15"
164,103.129.200.49,initiated,,"2025-03-10 03:39:15"
165,103.129.200.49,initiated,,"2025-03-10 03:39:32"
166,103.129.200.49,initiated,,"2025-03-10 03:39:36"
167,103.129.200.49,initiated,,"2025-03-10 03:39:38"
168,103.129.200.49,initiated,,"2025-03-10 03:39:40"
169,103.129.200.49,initiated,,"2025-03-10 03:39:41"
170,103.129.200.49,initiated,,"2025-03-10 03:39:54"
171,103.129.200.49,initiated,,"2025-03-10 03:39:57"
172,103.129.200.49,initiated,,"2025-03-10 03:40:01"
173,103.139.145.147,completed,"2025-03-10 04:12:58","2025-03-10 04:12:58"
174,202.134.10.141,completed,"2025-03-10 05:38:00","2025-03-10 05:37:54"
175,103.127.93.165,completed,"2025-03-10 06:26:41","2025-03-10 06:26:40"
176,202.134.10.135,completed,"2025-03-10 06:52:04","2025-03-10 06:51:59"
177,103.25.248.128,completed,"2025-03-10 07:48:20","2025-03-10 07:48:20"
178,103.121.12.167,completed,"2025-03-10 07:57:22","2025-03-10 07:57:22"
179,103.217.111.97,completed,"2025-03-10 08:30:31","2025-03-10 08:30:30"
180,103.25.249.193,completed,"2025-03-10 09:32:42","2025-03-10 09:32:42"
181,113.11.115.218,completed,"2025-03-10 09:37:10","2025-03-10 09:37:09"
182,37.111.212.94,completed,"2025-03-10 09:55:16","2025-03-10 09:55:15"
183,37.111.206.227,completed,"2025-03-10 11:20:00","2025-03-10 10:34:54"
184,103.217.111.85,completed,"2025-03-10 15:48:59","2025-03-10 10:45:41"
185,103.252.225.12,completed,"2025-03-10 10:50:46","2025-03-10 10:50:45"
186,103.252.225.12,completed,"2025-03-10 10:50:48","2025-03-10 10:50:45"
187,103.113.149.32,completed,"2025-03-10 11:18:22","2025-03-10 11:18:21"
188,203.202.242.154,completed,"2025-03-10 11:50:22","2025-03-10 11:50:20"
189,103.178.186.216,completed,"2025-03-10 11:58:07","2025-03-10 11:58:06"
190,103.217.111.80,completed,"2025-03-10 13:31:22","2025-03-10 13:31:21"
